id,content,image_url,video_url
post001,"📱 Download a 7-minute workout app! On busy days, 7 minutes of high-intensity exercise equals 30 minutes of moderate activity. Something is always better than nothing!

#QuickWorkout #FitnessApp #BusyLife #FitLifeDaily",https://images.pexels.com/photos/1954524/pexels-photo-1954524.jpeg,
post002,"📊 Muscle weighs more than fat but takes up less space. That's why the scale may not move but your clothes get looser. Take measurements and progress photos!

#BodyComposition #FitnessTruth #Progress #FitLifeDaily",https://images.pexels.com/photos/3764016/pexels-photo-3764016.jpeg,
post003,"🚶 Walk 10 minutes after each meal to improve digestion and reduce blood sugar spikes by 20%. It's the simplest, most effective habit you can adopt. Start today!

#HealthyHabits #Walking #Digestion #FitLifeDaily",https://images.pexels.com/photos/4543704/pexels-photo-4543704.jpeg,
post004,"🥣 Start your day with a protein-rich breakfast - eggs, Greek yogurt, or protein oatmeal. This stabilizes blood sugar, reduces cravings, and gives you sustained energy.

#Breakfast #HealthyEating #MorningEnergy #FitLifeDaily",https://images.pexels.com/photos/2681319/pexels-photo-2681319.jpeg,
post005,"📊 Stretching increases blood flow to muscles by 30%. This improves flexibility, reduces soreness, and prevents injury. Add 5-10 minutes of stretching daily!

#Stretching #Flexibility #InjuryPrevention #FitLifeDaily",https://images.pexels.com/photos/3823039/pexels-photo-3823039.jpeg,
post006,"😴 Your body repairs muscle during sleep. Getting 7-8 hours increases recovery by 40% and balances hormones. Create a dark, cool room for the best quality sleep.

#SleepWell #Recovery #Fitness #FitLifeDaily",https://images.pexels.com/photos/1640777/pexels-photo-1640777.jpeg,
post007,"🎵 Create a playlist with 120-140 BPM music! Upbeat tempos increase performance by 15% and make exercise feel easier. Music is your secret workout weapon!

#WorkoutMusic #Motivation #Fitness #FitLifeDaily",https://images.pexels.com/photos/1552249/pexels-photo-1552249.jpeg,
post008,"🚀 'The pain you feel today is the strength you'll feel tomorrow.' Growth requires discomfort. When you're struggling, remember - this is where the magic happens!

#NoPainNoGain #Growth #PushThrough #FitLifeDaily",https://images.pexels.com/photos/1954524/pexels-photo-1954524.jpeg,
post009,"🌟 'Your body can do it. Your mind is the one that needs convincing.' The mental battle is always harder. Push through the doubt - you're capable of more than you realize!

#Mindset #MentalStrength #BelieveInYourself #FitLifeDaily",https://images.pexels.com/photos/6326029/pexels-photo-6326029.jpeg,
post010,"🏃 **Run Technique Tips**

Improve your running form:
✅ Lean slightly forward
✅ Land mid-foot
✅ Keep cadence high
✅ Swing arms forward
✅ Breathe rhythmically

Run faster, longer, injury-free!

#Running #Technique #Fitness #FitLifeDaily",,https://www.pexels.com/video/woman-jogging-at-beach-4665475/
post011,"📊 Laughter burns up to 40 calories in 15 minutes! It also releases endorphins and reduces stress. Watch a funny video and enjoy the health benefits!

#Laughter #Wellness #MentalHealth #FitLifeDaily",https://images.pexels.com/photos/1640777/pexels-photo-1640777.jpeg,
post012,"⏰ 'One day, or Day One. You decide.' Every day is an opportunity to start. Don't wait for Monday or New Year's. Today is the first day of your new chapter!

#DayOne #NewBeginnings #FitnessJourney #FitLifeDaily",https://images.pexels.com/photos/2581121/pexels-photo-2581121.jpeg,
post013,"💪 **Upper Body Strength Workout**

Exercises:
1️⃣ Push-ups - 12 reps
2️⃣ Pull-ups (or rows) - 8 reps
3️⃣ Overhead Press - 10 reps
4️⃣ Bicep Curls - 12 reps
5️⃣ Tricep Dips - 12 reps

Build a stronger upper body today!

#UpperBody #StrengthTraining #FitLifeDaily",,https://www.pexels.com/video/man-working-out-with-dumbbells-4497276/
post014,"💪 Increase your weights or reps by 5% weekly. This principle, called progressive overload, is the key to getting stronger. Track every workout to see consistent gains.

#StrengthTraining #FitnessScience #ProgressiveOverload #FitLifeDaily",https://images.pexels.com/photos/2479216/pexels-photo-2479216.jpeg,
post015,"🙌 'You are stronger than you think. Prove it to yourself.' You've survived every challenge so far. You have the strength to overcome obstacles. Trust your resilience.

#Strength #Resilience #Believe #FitLifeDaily",https://images.pexels.com/photos/841130/pexels-photo-841130.jpeg,
post016,"💪 'Success isn't given, it's earned.' Overnight success is a myth. Behind every achievement are thousands of hours of work. Put in the time and you'll get the reward.

#Success #HardWork #Earned #FitLifeDaily",https://images.pexels.com/photos/841130/pexels-photo-841130.jpeg,
post017,"🔥 **The Secret to Success!**

'Success isn't given, it's earned. Behind every achievement are thousands of hours of work. Put in the time and you'll get the reward.'

Your future self is counting on you. Keep going! 💪

#Motivation #Success #Fitness #FitLifeDaily",,https://www.pexels.com/video/man-doing-push-ups-3968341/
post018,"🏃 **20-Minute Cardio Burn!**

Warm up (3 min) → Workout (15 min) → Cool down (2 min)

Exercises:
🔹 Jumping jacks
🔹 High knees
🔹 Butt kicks
🔹 Mountain climbers
🔹 Burpees

Burn 200+ calories!

#CardioWorkout #FatLoss #Fitness #FitLifeDaily",,https://www.pexels.com/video/woman-jogging-at-beach-4665475/
post019,"🏅 'Make yourself proud, not just everyone else.' This journey is about you. Set standards for yourself. When you look in the mirror, see someone who never gave up.

#Pride #SelfLove #FitnessJourney #FitLifeDaily",https://images.pexels.com/photos/1954524/pexels-photo-1954524.jpeg,
post020,"💧 Drink 8 glasses of water daily to boost your metabolism by up to 30% for one hour! Set reminders every 2 hours. Your skin, energy levels, and focus will improve dramatically.

#Hydration #Metabolism #HealthTips #FitLifeDaily",https://images.pexels.com/photos/414029/pexels-photo-414029.jpeg,
post021,"🏋️ **Beginner Bodyweight Workout** (15 min)

1️⃣ Squats - 10 reps
2️⃣ Push-ups (knee) - 10 reps
3️⃣ Lunges each leg - 10 reps
4️⃣ Plank - 20 seconds
5️⃣ Glute Bridges - 10 reps

Repeat 3 circuits. Rest 60 seconds between rounds. Do this 3x weekly!

#Workout #Bodyweight #BeginnerFitness #FitLifeDaily",https://images.pexels.com/photos/841130/pexels-photo-841130.jpeg,
post022,"🥑 Slice an avocado, sprinkle with sea salt and chili flakes. This 5-minute snack provides healthy fats, fiber, and potassium. Keeps you full for hours without the crash!

#HealthySnacks #CleanEating #Avocado #FitLifeDaily",https://images.pexels.com/photos/317157/pexels-photo-317157.jpeg,
post023,"🌙 **5-Minute Evening Routine**

1️⃣ Deep Breathing - 1 minute
2️⃣ Neck Stretches - 30 seconds
3️⃣ Child's Pose - 1 minute
4️⃣ Legs Up the Wall - 2 minutes

Perfect for relaxation before bed. Improves sleep quality significantly!

#EveningRoutine #Relaxation #BetterSleep #FitLifeDaily",https://images.pexels.com/photos/1640777/pexels-photo-1640777.jpeg,
post024,"🏃 The ideal weekly routine: 3 days strength training + 2 days cardio + 2 rest days. This balance prevents injury, builds muscle, and improves heart health.

#WorkoutPlan #FitnessJourney #HealthyLifestyle #FitLifeDaily",https://images.pexels.com/photos/260447/pexels-photo-260447.jpeg,
post025,"🌱 'The choices you make today shape the person you become tomorrow.' Every healthy choice matters. You're writing your future story with each decision you make.

#Choices #FutureYou #Wellness #FitLifeDaily",https://images.pexels.com/photos/414029/pexels-photo-414029.jpeg,
post026,"🧘 **10-Minute Full Body Stretch**

1️⃣ Forward Fold - 30 seconds
2️⃣ Downward Dog - 30 seconds
3️⃣ Cobra Pose - 30 seconds
4️⃣ Cat-Cow Stretch - 30 seconds
5️⃣ Quad Stretch - 30 seconds each
6️⃣ Hamstring Stretch - 30 seconds each

Great for recovery and flexibility!

#Stretching #Flexibility #Recovery #FitLifeDaily",https://images.pexels.com/photos/3823039/pexels-photo-3823039.jpeg,
post027,"🎯 'Progress, not perfection. Every step counts.' Don't aim for perfect - aim for better than yesterday. Each small improvement compounds into massive transformation.

#Progress #SelfImprovement #Journey #FitLifeDaily",https://images.pexels.com/photos/1552249/pexels-photo-1552249.jpeg,
post028,"🦵 **Leg Day Workout**

Build powerful legs:
1️⃣ Squats - 15 reps
2️⃣ Lunges - 12 each
3️⃣ Deadlifts - 10 reps
4️⃣ Calf Raises - 20 reps
5️⃣ Glute Bridges - 15 reps

Strong legs = strong foundation!

#LegDay #LowerBody #Strength #FitLifeDaily",,https://www.pexels.com/video/woman-performing-barbell-exercise-4497267/
post029,"🏃 **20-Minute Cardio Circuit**

1️⃣ Jumping Jacks - 1 minute
2️⃣ High Knees - 1 minute
3️⃣ Burpees - 30 seconds
4️⃣ Rest - 30 seconds

Repeat 5 times. Modify as needed. This workout burns fat and builds stamina!

#Cardio #WeightLoss #HIIT #FitLifeDaily",https://images.pexels.com/photos/260447/pexels-photo-260447.jpeg,
post030,"💎 'Small daily improvements equal massive results over time.' A 1% daily improvement is 37x better in a year. You don't need giant leaps - just consistent steps.

#Consistency #SmallWins #FitnessJourney #FitLifeDaily",https://images.pexels.com/photos/2581121/pexels-photo-2581121.jpeg,
post031,"📊 Walking 10,000 steps burns 400-500 calories - that's a full meal! Park farther away, take stairs, walk after lunch. Small steps add up to big results!

#Walking #FitnessFacts #Health #FitLifeDaily",https://images.pexels.com/photos/4543704/pexels-photo-4543704.jpeg,
post032,"📊 Rest days prevent burnout and injury. Your muscles grow during rest, not during training. Schedule at least 2 full rest days weekly for recovery.

#RestDays #Recovery #MuscleGrowth #FitLifeDaily",https://images.pexels.com/photos/3822960/pexels-photo-3822960.jpeg,
post033,"⚡ **4-Minute HIIT for Busy People!**

20 seconds work / 10 seconds rest
8 rounds - only 4 minutes!

Choose any exercise:
🔹 Jump Squats
🔹 Burpees
🔹 Mountain Climbers
🔹 High Knees

No excuses - do this now!

#HIIT #QuickWorkout #FatBurn #FitLifeDaily",,https://www.pexels.com/video/woman-jumping-rope-4672377/
post034,"💫 'Don't wish for it. Work for it.' Wishes don't build muscles - action does. Every rep, every step, every healthy meal brings you closer. Today's work is tomorrow's results.

#Grind #HardWork #Achievement #FitLifeDaily",https://images.pexels.com/photos/3822942/pexels-photo-3822942.jpeg,
post035,"🧘 **10-Minute Yoga Flow**

Follow along for:
🔹 Flexibility
🔹 Stress relief
🔹 Better sleep
🔹 Mind-body connection

Poses: Downward dog, Warrior I, Warrior II, Pigeon, Savasana

#Yoga #Mindfulness #Flexibility #FitLifeDaily",,https://www.pexels.com/video/woman-doing-yoga-5453675/
post036,"⛰️ 'When you feel like quitting, remember why you started.' Remember your motivation. Your future self is counting on you. Keep going - you're closer than you think!

#KeepGoing #Perseverance #Motivation #FitLifeDaily",https://images.pexels.com/photos/260447/pexels-photo-260447.jpeg,
post037,"⭐ 'Your only competition is the person in the mirror.' Compare yourself to yesterday, not others. Are you better than you were? That's all that matters.

#SelfImprovement #Focus #Progress #FitLifeDaily",https://images.pexels.com/photos/414029/pexels-photo-414029.jpeg,
post038,"🥦 Eat the rainbow! Red (lycopene), Orange (beta-carotene), Green (iron), Purple (antioxidants). Aim for 5 different colors daily for optimal nutrition.

#EatClean #NutritionTips #ColorfulEating #FitLifeDaily",https://images.pexels.com/photos/4421643/pexels-photo-4421643.jpeg,
post039,"📊 Regular cardio reduces heart disease risk by 30%! Just 30 minutes of brisk walking 5x weekly strengthens your heart. Your heart is a muscle - train it!

#Cardio #HeartHealth #Fitness #FitLifeDaily",https://images.pexels.com/photos/2294361/pexels-photo-2294361.jpeg,
post040,"🧍 **Fix Your Posture in 5 Minutes!**

Exercises:
1️⃣ Wall angels - 15 reps
2️⃣ Chin tucks - 15 reps
3️⃣ Scapular retractions - 15 reps
4️⃣ Bird-dog - 10 each side
5️⃣ Cat-cow - 10 reps

Do daily for better posture and less back pain!

#Posture #BackPainRelief #Exercise #FitLifeDaily",,https://www.pexels.com/video/person-working-out-in-the-gym-3829318/
post041,"⚡ 'Motivation gets you started. Habit keeps you going.' Build systems, not just goals. When excitement fades, your habits will carry you forward. Focus on small daily actions.

#Habits #Consistency #Success #FitLifeDaily",https://images.pexels.com/photos/3727547/pexels-photo-3727547.jpeg,
post042,"👟 Replace running shoes every 300-500 miles or 3-6 months. Worn soles cause joint pain and increase injury risk. Check the tread - if it's worn down, it's time for new ones!

#FitnessGear #Safety #Running #FitLifeDaily",https://images.pexels.com/photos/2883049/pexels-photo-2883049.jpeg,
post043,"🏋️ **Perfect Deadlift Form**

Key points:
✅ Bar over mid-foot
✅ Hinge at hips
✅ Keep back straight
✅ Drive through heels
✅ Lock out at top

Master this compound lift for strength gains!

#Deadlift #Form #StrengthTraining #FitLifeDaily",,https://www.pexels.com/video/man-working-out-with-dumbbells-4497276/
post044,"🧖 Spend 5-10 minutes stretching and foam rolling post-workout. This reduces muscle soreness by 30%, increases flexibility, and prevents injury. Your body deserves this!

#Recovery #Stretching #Wellness #FitLifeDaily",https://images.pexels.com/photos/3822960/pexels-photo-3822960.jpeg,
post045,"🎯 Set SMART goals: Specific, Measurable, Achievable, Relevant, Time-bound. Example: 'Walk 10,000 steps daily for 7 days.' Write your goal down and share it with someone!

#GoalSetting #Motivation #FitnessGoals #FitLifeDaily",https://images.pexels.com/photos/2581121/pexels-photo-2581121.jpeg,
post046,"🌅 **5-Minute Morning Stretch**

Wake up your body:
1️⃣ Neck rolls
2️⃣ Arm circles
3️⃣ Torso twists
4️⃣ Leg swings
5️⃣ Cat-cow
6️⃣ Child's pose

Start your day with flexibility!

#MorningStretch #Flexibility #Wellness #FitLifeDaily",,https://www.pexels.com/video/woman-doing-yoga-5453675/
post047,"🌅 **5-Minute Morning Routine**

1️⃣ Neck Rolls - 30 seconds
2️⃣ Shoulder Shrugs - 30 seconds
3️⃣ Arm Circles - 30 seconds
4️⃣ Torso Twists - 30 seconds
5️⃣ Squats - 1 minute
6️⃣ Jumping Jacks - 1 minute
7️⃣ Deep Breathing - 1 minute

Sets the tone for a productive day! Try it tomorrow morning.

#MorningRoutine #WakeUp #Productivity #FitLifeDaily",https://images.pexels.com/photos/2581121/pexels-photo-2581121.jpeg,
post048,"🥗 Add a handful of spinach to your morning smoothie! You'll get 50% of your daily Vitamin K and 20% of your iron needs. The best part? You won't even taste it. Try it tomorrow!

#HealthyEating #Smoothie #Superfoods #FitLifeDaily",https://images.pexels.com/photos/2681319/pexels-photo-2681319.jpeg,
post049,"🪑 **3-Minute Office Break**

1️⃣ Chair Squats - 10 reps
2️⃣ Desk Push-ups - 10 reps
3️⃣ Seated Leg Raises - 10 each
4️⃣ Neck Stretches - 30 seconds
5️⃣ Arm Stretches - 30 seconds

Do this 3x daily during work breaks. Stay active all day!

#OfficeWorkout #ActiveBreak #Wellness #FitLifeDaily",https://images.pexels.com/photos/317157/pexels-photo-317157.jpeg,
post050,"🎬 **Quick Cardio Blast!** Get your heart rate up with this intense cardio session.

Perfect for busy days - just 10 minutes to burn calories and boost your mood!

#Cardio #QuickWorkout #FatBurn #FitLifeDaily",,https://www.pexels.com/video/people-exercising-in-gym-3670930/
post051,"🧘 Rest days are crucial for recovery. Try active recovery like walking, gentle stretching, or yoga. This promotes blood flow without adding stress to your muscles.

#RestDays #Recovery #ActiveRecovery #FitLifeDaily",https://images.pexels.com/photos/3823039/pexels-photo-3823039.jpeg,
post052,"🍽️ Eat 20-30g of protein within 30 minutes post-workout! This is the optimal window for muscle protein synthesis. Eggs, chicken, fish, or a protein shake all work great.

#Nutrition #PostWorkout #Protein #FitLifeDaily",https://images.pexels.com/photos/3768911/pexels-photo-3768911.jpeg,
post053,"🌙 Dim lights 1 hour before bed to trigger melatonin production. Avoid screens and read a book instead. Better sleep = better results in the gym. Try this tonight!

#SleepHygiene #EveningRoutine #Wellness #FitLifeDaily",https://images.pexels.com/photos/4108077/pexels-photo-4108077.jpeg,
post054,"🔥 **4-Minute Tabata**

One exercise, 8 rounds:
- 20 seconds of MAX effort
- 10 seconds rest

Choose: Squats, Push-ups, Burpees, or Mountain Climbers.
Just 4 minutes of intensity. Do 1-2 exercises daily!

#Tabata #HIIT #QuickWorkout #FitLifeDaily",https://images.pexels.com/photos/3768911/pexels-photo-3768911.jpeg,
post055,"🧠 Exercise increases blood flow to the brain, improving memory and cognitive function. Just 150 minutes weekly reduces the risk of cognitive decline by 30%.

#BrainHealth #Exercise #CognitiveFunction #FitLifeDaily",https://images.pexels.com/photos/4108077/pexels-photo-4108077.jpeg,
post056,"📊 It takes 21 days to form a new habit. Commit to a healthy change for 3 weeks. After that, it becomes automatic. Start with something small today!

#HabitFormation #Wellness #Consistency #FitLifeDaily",https://images.pexels.com/photos/4065403/pexels-photo-4065403.jpeg,
post057,"📊 Track your progress weekly with measurements, photos, and workout logs. What gets measured gets improved. Celebrate small wins - every step forward is progress!

#Progress #FitnessJourney #Tracking #FitLifeDaily",https://images.pexels.com/photos/4065403/pexels-photo-4065403.jpeg,
post058,"❤️ 150 minutes of moderate cardio weekly strengthens your heart. Walking, jogging, swimming, or cycling all count. Start with 30 minutes, 5 days per week.

#HeartHealth #Cardio #Wellness #FitLifeDaily",https://images.pexels.com/photos/6326029/pexels-photo-6326029.jpeg,
post059,"🔥 Quick HIIT: 20 seconds work / 10 seconds rest x 8 rounds (4 minutes total). Choose any exercise - squats, push-ups, or jumping jacks. Burns fat for 24 hours post-workout!

#HIIT #FatBurn #QuickWorkout #FitLifeDaily",https://images.pexels.com/photos/2294361/pexels-photo-2294361.jpeg,
post060,"📊 Drinking 500ml of water boosts metabolism by 30% for one hour! Water is essential for weight management and energy. Stay hydrated throughout the day.

#Hydration #Metabolism #Wellness #FitLifeDaily",https://images.pexels.com/photos/414029/pexels-photo-414029.jpeg,
post061,"🧘 **Morning Meditation Guide**

Start your day with mindfulness:
1️⃣ Find a quiet space
2️⃣ Sit comfortably
3️⃣ Focus on breath
4️⃣ 5-10 minutes
5️⃣ Set intentions

Reduce anxiety and stay focused!

#Meditation #Mindfulness #Wellness #FitLifeDaily",,https://www.pexels.com/video/woman-doing-yoga-5453675/
post062,"🏋️ **Master Your Squat Form!**

Key points:
✅ Feet shoulder-width apart
✅ Chest up, back straight
✅ Push through your heels
✅ Don't let knees cave in

Perfect your form for better results and safety!

#SquatForm #FitnessTips #Gym #FitLifeDaily",,https://www.pexels.com/video/woman-performing-barbell-exercise-4497267/
post063,"🏋️ Focus on compound exercises - squats, deadlifts, bench press. They work multiple muscle groups, burn more calories, and build functional strength. Add these to your routine!

#Workout #Strength #CompoundExercises #FitLifeDaily",https://images.pexels.com/photos/3764016/pexels-photo-3764016.jpeg,
post064,"🎬 **Intense Workout Session!** Watch this to get inspired.

Remember: 'The only bad workout is the one that didn't happen.'

Turn on sound for maximum motivation! 🎵

#WorkoutMotivation #IntenseWorkout #FitLifeDaily",,https://www.pexels.com/video/people-exercising-at-gym-3670844/
post065,"🧘 **Evening Yoga Relaxation**

Wind down with these calming poses:
🔹 Child's Pose
🔹 Cat-Cow
🔹 Pigeon Pose
🔹 Savasana

Improve sleep quality and reduce stress!

#Yoga #Relaxation #BetterSleep #FitLifeDaily",,https://www.pexels.com/video/woman-doing-yoga-5453675/
post066,"💪 **10-Minute Core Workout**

1️⃣ Plank - 45 seconds
2️⃣ Bicycle Crunches - 15 each side
3️⃣ Russian Twists - 15 each side
4️⃣ Leg Raises - 12 reps
5️⃣ Bird-Dog - 10 each side

Repeat 2-3 times. Strong core = strong body. Do this daily!

#CoreWorkout #Abs #Strength #FitLifeDaily",https://images.pexels.com/photos/2294361/pexels-photo-2294361.jpeg,
post067,"💪 **30-Minute Dumbbell Workout**

1️⃣ Dumbbell Squats - 12 reps x 3
2️⃣ Dumbbell Rows - 12 reps x 3
3️⃣ Dumbbell Press - 10 reps x 3
4️⃣ Dumbbell Lunges - 10 each x 3
5️⃣ Dumbbell Curls - 12 reps x 3

Warm up with light weight. Focus on form. Do this 3x weekly!

#Dumbbells #StrengthTraining #HomeWorkout #FitLifeDaily",https://images.pexels.com/photos/1954524/pexels-photo-1954524.jpeg,
post068,"📊 A 30-minute workout 5x weekly beats a 2-hour workout once a week. Build a sustainable routine that fits your life. Consistency is everything!

#Consistency #FitnessJourney #Sustainable #FitLifeDaily",https://images.pexels.com/photos/2479216/pexels-photo-2479216.jpeg,
post069,"📊 After 40, protein needs increase to 1.2g per kg of body weight. Distribute protein evenly across meals for optimal muscle synthesis. Prioritize protein!

#Protein #Nutrition #HealthyAging #FitLifeDaily",https://images.pexels.com/photos/2681319/pexels-photo-2681319.jpeg,
post070,"🔥 'Discipline equals freedom. Show up every day.' Motivation fades, but discipline creates results. Build daily habits that serve you. Consistency is the real superpower!

#Discipline #Consistency #Success #FitLifeDaily",https://images.pexels.com/photos/6368528/pexels-photo-6368528.jpeg,
post071,"💪 Strength training burns calories even at rest! Each pound of muscle burns 6 calories per day vs 2 calories for fat. Building muscle is the ultimate fat-loss strategy.

#StrengthTraining #FatLoss #MuscleBuilding #FitLifeDaily",https://images.pexels.com/photos/2479216/pexels-photo-2479216.jpeg,
post072,"💪 Start your day with 5 minutes of dynamic stretching! This increases blood flow by 30%, warms up your muscles, and reduces injury risk. Try leg swings, arm circles, and torso twists before any workout.

#FitnessTips #WarmUp #DynamicStretching #FitLifeDaily",https://images.pexels.com/photos/841130/pexels-photo-841130.jpeg,
post073,"🥗 **Healthy Meal Prep Ideas**

Tips for success:
✅ Plan your meals
✅ Shop with a list
✅ Batch cook proteins
✅ Use containers
✅ Include 5 colors

Save time and eat healthy all week!

#MealPrep #HealthyEating #Nutrition #FitLifeDaily",,https://www.pexels.com/video/woman-weight-lifting-4497312/
post074,"🏃 **30-Minute Run-Walk Plan**

Week 1-2: Walk 5 min, Run 1 min, Walk 2 min (repeat 5x)
Week 3-4: Walk 4 min, Run 2 min, Walk 1 min (repeat 5x)
Week 5-6: Walk 3 min, Run 3 min, Walk 1 min (repeat 4x)

Progress gradually. Listen to your body. You'll be running in 6 weeks!

#Running #CouchTo5K #FitnessJourney #FitLifeDaily",https://images.pexels.com/photos/3727547/pexels-photo-3727547.jpeg,
post075,"💪 **Full Body Home Workout**

No equipment needed:
1️⃣ Squats - 15 reps
2️⃣ Push-ups - 10 reps
3️⃣ Lunges - 12 each
4️⃣ Plank - 30 sec
5️⃣ Glute bridges - 15 reps
6️⃣ Mountain climbers - 30 sec

Repeat 3x. Do this daily!

#HomeWorkout #FullBodyWorkout #NoEquipment #FitLifeDaily",,https://www.pexels.com/video/man-working-out-with-dumbbells-4497276/
post076,"🧘 Take 5 deep breaths using the 4-4-4 method: Inhale 4 seconds, hold 4, exhale 4. This lowers cortisol levels and reduces stress in just 60 seconds. Do this 5 times daily!

#MentalHealth #StressRelief #Mindfulness #FitLifeDaily",https://images.pexels.com/photos/3823039/pexels-photo-3823039.jpeg,
post077,"✨ 'The only bad workout is the one that didn't happen.' Even 10 minutes counts. When you're tired, do half your workout. You'll be glad you started!

#Motivation #FitnessMindset #JustStart #FitLifeDaily",https://images.pexels.com/photos/5256730/pexels-photo-5256730.jpeg,
post078,"🔥 **Burn Fat with This HIIT Routine!**

30 seconds work / 15 seconds rest
8 exercises = 6 minutes

Full body fat burn in minimal time!

#HIIT #FatBurn #QuickWorkout #FitLifeDaily",,https://www.pexels.com/video/woman-jumping-rope-4672377/
